{
    "name": "root",
    "gauges": {
        "Tracker.Policy.Entropy.mean": {
            "value": 1.424686312675476,
            "min": 1.4189382791519165,
            "max": 1.424686312675476,
            "count": 6
        },
        "Tracker.Policy.Entropy.sum": {
            "value": 13676.98828125,
            "min": 13621.8076171875,
            "max": 18162.41015625,
            "count": 6
        },
        "Tracker.Environment.EpisodeLength.mean": {
            "value": 50.0,
            "min": 50.0,
            "max": 50.0,
            "count": 1
        },
        "Tracker.Environment.EpisodeLength.sum": {
            "value": 50.0,
            "min": 50.0,
            "max": 50.0,
            "count": 1
        },
        "Tracker.Step.mean": {
            "value": 59955.0,
            "min": 9907.0,
            "max": 59955.0,
            "count": 6
        },
        "Tracker.Step.sum": {
            "value": 59955.0,
            "min": 9907.0,
            "max": 59955.0,
            "count": 6
        },
        "Tracker.Policy.ExtrinsicValueEstimate.mean": {
            "value": 8.879304885864258,
            "min": 8.879304885864258,
            "max": 13.670233726501465,
            "count": 6
        },
        "Tracker.Policy.ExtrinsicValueEstimate.sum": {
            "value": 692.5858154296875,
            "min": 692.5858154296875,
            "max": 1078.6251220703125,
            "count": 6
        },
        "Tracker.Environment.CumulativeReward.mean": {
            "value": -1.549999713897705,
            "min": -1.549999713897705,
            "max": -1.549999713897705,
            "count": 1
        },
        "Tracker.Environment.CumulativeReward.sum": {
            "value": -1.549999713897705,
            "min": -1.549999713897705,
            "max": -1.549999713897705,
            "count": 1
        },
        "Tracker.Policy.ExtrinsicReward.mean": {
            "value": -1.549999713897705,
            "min": -1.549999713897705,
            "max": -1.549999713897705,
            "count": 1
        },
        "Tracker.Policy.ExtrinsicReward.sum": {
            "value": -1.549999713897705,
            "min": -1.549999713897705,
            "max": -1.549999713897705,
            "count": 1
        },
        "Tracker.IsTraining.mean": {
            "value": 1.0,
            "min": 1.0,
            "max": 1.0,
            "count": 6
        },
        "Tracker.IsTraining.sum": {
            "value": 1.0,
            "min": 1.0,
            "max": 1.0,
            "count": 6
        },
        "Tracker.Losses.PolicyLoss.mean": {
            "value": 0.09151745787649243,
            "min": 0.09151745787649243,
            "max": 0.09151745787649243,
            "count": 1
        },
        "Tracker.Losses.PolicyLoss.sum": {
            "value": 0.09151745787649243,
            "min": 0.09151745787649243,
            "max": 0.09151745787649243,
            "count": 1
        },
        "Tracker.Losses.ValueLoss.mean": {
            "value": 11.69811247494887,
            "min": 11.69811247494887,
            "max": 11.69811247494887,
            "count": 1
        },
        "Tracker.Losses.ValueLoss.sum": {
            "value": 11.69811247494887,
            "min": 11.69811247494887,
            "max": 11.69811247494887,
            "count": 1
        },
        "Tracker.Policy.LearningRate.mean": {
            "value": 0.0002693262102246,
            "min": 0.0002693262102246,
            "max": 0.0002693262102246,
            "count": 1
        },
        "Tracker.Policy.LearningRate.sum": {
            "value": 0.0002693262102246,
            "min": 0.0002693262102246,
            "max": 0.0002693262102246,
            "count": 1
        },
        "Tracker.Policy.Epsilon.mean": {
            "value": 0.18977540000000004,
            "min": 0.18977540000000004,
            "max": 0.18977540000000004,
            "count": 1
        },
        "Tracker.Policy.Epsilon.sum": {
            "value": 0.18977540000000004,
            "min": 0.18977540000000004,
            "max": 0.18977540000000004,
            "count": 1
        },
        "Tracker.Policy.Beta.mean": {
            "value": 0.0005000000000000001,
            "min": 0.0005000000000000001,
            "max": 0.0005000000000000001,
            "count": 1
        },
        "Tracker.Policy.Beta.sum": {
            "value": 0.0005000000000000001,
            "min": 0.0005000000000000001,
            "max": 0.0005000000000000001,
            "count": 1
        }
    },
    "metadata": {
        "timer_format_version": "0.1.0",
        "start_time_seconds": "1773821923",
        "python_version": "3.10.12 | packaged by Anaconda, Inc. | (main, Jul  5 2023, 19:01:18) [MSC v.1916 64 bit (AMD64)]",
        "command_line_arguments": "C:\\Users\\james\\miniconda3\\envs\\mlagents\\Scripts\\mlagents-learn config/ppo/detector_config.yaml --run-id=detector_run_V_0.1 --force",
        "mlagents_version": "1.1.0",
        "mlagents_envs_version": "1.1.0",
        "communication_protocol_version": "1.5.0",
        "pytorch_version": "2.2.2+cu121",
        "numpy_version": "1.23.5",
        "end_time_seconds": "1773822046"
    },
    "total": 122.34225939959288,
    "count": 1,
    "self": 0.005410800687968731,
    "children": {
        "run_training.setup": {
            "total": 0.08595639932900667,
            "count": 1,
            "self": 0.08595639932900667
        },
        "TrainerController.start_learning": {
            "total": 122.2508921995759,
            "count": 1,
            "self": 0.04143629036843777,
            "children": {
                "TrainerController._reset_env": {
                    "total": 15.068271100521088,
                    "count": 1,
                    "self": 15.068271100521088
                },
                "TrainerController.advance": {
                    "total": 107.027703108266,
                    "count": 2657,
                    "self": 0.040228704921901226,
                    "children": {
                        "env_step": {
                            "total": 94.87381599936634,
                            "count": 2657,
                            "self": 88.23065256513655,
                            "children": {
                                "SubprocessEnvManager._take_step": {
                                    "total": 6.616323554888368,
                                    "count": 2657,
                                    "self": 0.1434567468240857,
                                    "children": {
                                        "TorchPolicy.evaluate": {
                                            "total": 6.472866808064282,
                                            "count": 2657,
                                            "self": 6.472866808064282
                                        }
                                    }
                                },
                                "workers": {
                                    "total": 0.02683987934142351,
                                    "count": 2656,
                                    "self": 0.0,
                                    "children": {
                                        "worker_root": {
                                            "total": 45.58385110460222,
                                            "count": 2656,
                                            "is_parallel": true,
                                            "self": 23.24319420941174,
                                            "children": {
                                                "steps_from_proto": {
                                                    "total": 0.00050400011241436,
                                                    "count": 1,
                                                    "is_parallel": true,
                                                    "self": 0.0001075994223356247,