{
    "name": "root",
    "gauges": {
        "Tracker.Policy.Entropy.mean": {
            "value": 1.3525867462158203,
            "min": 1.3525867462158203,
            "max": 1.3711373805999756,
            "count": 50
        },
        "Tracker.Policy.Entropy.sum": {
            "value": 13728.755859375,
            "min": 13137.01953125,
            "max": 17550.55859375,
            "count": 50
        },
        "Tracker.Step.mean": {
            "value": 499892.0,
            "min": 9963.0,
            "max": 499892.0,
            "count": 50
        },
        "Tracker.Step.sum": {
            "value": 499892.0,
            "min": 9963.0,
            "max": 499892.0,
            "count": 50
        },
        "Tracker.Policy.ExtrinsicValueEstimate.mean": {
            "value": 0.22627779841423035,
            "min": 0.2248062789440155,
            "max": 0.5952411890029907,
            "count": 50
        },
        "Tracker.Policy.ExtrinsicValueEstimate.sum": {
            "value": 17.875946044921875,
            "min": 17.875946044921875,
            "max": 47.846778869628906,
            "count": 50
        },
        "Tracker.Environment.EpisodeLength.mean": {
            "value": 2830.25,
            "min": 248.0,
            "max": 5740.0,
            "count": 47
        },
        "Tracker.Environment.EpisodeLength.sum": {
            "value": 11321.0,
            "min": 355.0,
            "max": 23398.0,
            "count": 47
        },
        "Tracker.Environment.CumulativeReward.mean": {
            "value": 7.652049272321165,
            "min": 1.5006852547327678,
            "max": 11.540738605428487,
            "count": 47
        },
        "Tracker.Environment.CumulativeReward.sum": {
            "value": 30.60819708928466,
            "min": 2.0009716749191284,
            "max": 45.604002684824536,
            "count": 47
        },
        "Tracker.Policy.ExtrinsicReward.mean": {
            "value": 7.652049272321165,
            "min": 1.5006852547327678,
            "max": 11.540738605428487,
            "count": 47
        },
        "Tracker.Policy.ExtrinsicReward.sum": {
            "value": 30.60819708928466,
            "min": 2.0009716749191284,
            "max": 45.604002684824536,
            "count": 47
        },
        "Tracker.IsTraining.mean": {
            "value": 1.0,
            "min": 1.0,
            "max": 1.0,
            "count": 50
        },
        "Tracker.IsTraining.sum": {
            "value": 1.0,
            "min": 1.0,
            "max": 1.0,
            "count": 50
        },
        "Tracker.Losses.PolicyLoss.mean": {
            "value": 0.035488490168888547,
            "min": 0.033684467155921605,
            "max": 0.03745555782793058,
            "count": 9
        },
        "Tracker.Losses.PolicyLoss.sum": {
            "value": 0.035488490168888547,
            "min": 0.033684467155921605,
            "max": 0.03745555782793058,
            "count": 9
        },
        "Tracker.Losses.ValueLoss.mean": {
            "value": 0.0028225189055671395,
            "min": 0.002489493709758462,
            "max": 0.00996776073658999,
            "count": 9
        },
        "Tracker.Losses.ValueLoss.sum": {
            "value": 0.0028225189055671395,
            "min": 0.002489493709758462,
            "max": 0.00996776073658999,
            "count": 9
        },
        "Tracker.Policy.LearningRate.mean": {
            "value": 2.9557890147400002e-05,
            "min": 2.9557890147400002e-05,
            "max": 0.0002699034100322,
            "count": 9
        },
        "Tracker.Policy.LearningRate.sum": {
            "value": 2.9557890147400002e-05,
            "min": 2.9557890147400002e-05,
            "max": 0.0002699034100322,
            "count": 9
        },
        "Tracker.Policy.Epsilon.mean": {
            "value": 0.1098526,
            "min": 0.1098526,
            "max": 0.1899678,
            "count": 9
        },
        "Tracker.Policy.Epsilon.sum": {
            "value": 0.1098526,
            "min": 0.1098526,
            "max": 0.1899678,
            "count": 9
        },
        "Tracker.Policy.Beta.mean": {
            "value": 0.0005,
            "min": 0.0005,
            "max": 0.0005,
            "count": 9
        },
        "Tracker.Policy.Beta.sum": {
            "value": 0.0005,
            "min": 0.0005,
            "max": 0.0005,
            "count": 9
        }
    },
    "metadata": {
        "timer_format_version": "0.1.0",
        "start_time_seconds": "1774177056",
        "python_version": "3.10.12 | packaged by Anaconda, Inc. | (main, Jul  5 2023, 19:01:18) [MSC v.1916 64 bit (AMD64)]",
        "command_line_arguments": "C:\\Users\\james\\miniconda3\\envs\\mlagents\\Scripts\\mlagents-learn config/ppo/detector_config.yaml --run-id=detector_nearestV1.06 --initialize-from=detector_nearestV1.05",
        "mlagents_version": "1.1.0",
        "mlagents_envs_version": "1.1.0",
        "communication_protocol_version": "1.5.0",
        "pytorch_version": "2.2.2+cu121",
        "numpy_version": "1.23.5",
        "end_time_seconds": "1774177464"
    },
    "total": 408.12944970000535,
    "count": 1,
    "self": 0.007150099612772465,
    "children": {
        "run_training.setup": {
            "total": 0.08835950028151274,
            "count": 1,
            "self": 0.08835950028151274
        },
        "TrainerController.start_learning": {
            "total": 408.03394010011107,
            "count": 1,
            "self": 0.3481663102284074,
            "children": {
                "TrainerController._reset_env": {
                    "total": 8.905348800122738,
                    "count": 1,
                    "self": 8.905348800122738
                },
                "TrainerController.advance": {
                    "total": 398.58987178932875,
                    "count": 20199,
                    "self": 0.3307273769751191,
                    "children": {
                        "env_step": {
                            "total": 241.88845461141318,
                            "count": 20199,
                            "self": 156.64483603369445,
                            "children": {
                                "SubprocessEnvManager._take_step": {
                                    "total": 85.02715427055955,
                                    "count": 20199,
                                    "self": 1.1248389929533005,
                                    "children": {
                                        "TorchPolicy.evaluate": {
                                            "total": 83.90231527760625,
                                            "count": 20064,
                                            "self": 83.90231527760625
                                        }
                                    }
                                },
                                "workers": {
                                    "total": 0.2164643071591854,
                                    "count": 20199,
                                    "self": 0.0,
                                    "children": {
                                        "worker_root": {
                                            "total": 399.3865451933816,
                                            "count": 20199,
                                            "is_parallel": true,
                                            "self": 270.3516225973144,
                                            "children": {
                                                "steps_from_proto": {
                                                    "total": 0.0005467003211379051,
                                                    "count": 1,
                                                    "is_parallel": true,
                                                    "self": 0.00011249911040067673,