{
    "name": "root",
    "gauges": {
        "Tracker.Policy.Entropy.mean": {
            "value": 1.14512038230896,
            "min": 1.1451202630996704,
            "max": 1.2391937971115112,
            "count": 50
        },
        "Tracker.Policy.Entropy.sum": {
            "value": 11222.1796875,
            "min": 11133.681640625,
            "max": 13693.0908203125,
            "count": 50
        },
        "Tracker.Environment.EpisodeLength.mean": {
            "value": 42.65652173913043,
            "min": 15.998299319727892,
            "max": 73.02173913043478,
            "count": 50
        },
        "Tracker.Environment.EpisodeLength.sum": {
            "value": 9811.0,
            "min": 8646.0,
            "max": 10442.0,
            "count": 50
        },
        "Tracker.Step.mean": {
            "value": 499984.0,
            "min": 9990.0,
            "max": 499984.0,
            "count": 50
        },
        "Tracker.Step.sum": {
            "value": 499984.0,
            "min": 9990.0,
            "max": 499984.0,
            "count": 50
        },
        "Tracker.Policy.ExtrinsicValueEstimate.mean": {
            "value": 0.8726121783256531,
            "min": 0.7212015390396118,
            "max": 0.8738740682601929,
            "count": 50
        },
        "Tracker.Policy.ExtrinsicValueEstimate.sum": {
            "value": 214.66259765625,
            "min": 119.7194595336914,
            "max": 452.50604248046875,
            "count": 50
        },
        "Tracker.Environment.CumulativeReward.mean": {
            "value": 1.198179848329469,
            "min": 1.063569751321053,
            "max": 1.345076512089736,
            "count": 50
        },
        "Tracker.Environment.CumulativeReward.sum": {
            "value": 274.3831852674484,
            "min": 182.1751635670662,
            "max": 625.3790137767792,
            "count": 50
        },
        "Tracker.Policy.ExtrinsicReward.mean": {
            "value": 1.198179848329469,
            "min": 1.063569751321053,
            "max": 1.345076512089736,
            "count": 50
        },
        "Tracker.Policy.ExtrinsicReward.sum": {
            "value": 274.3831852674484,
            "min": 182.1751635670662,
            "max": 625.3790137767792,
            "count": 50
        },
        "Tracker.IsTraining.mean": {
            "value": 1.0,
            "min": 1.0,
            "max": 1.0,
            "count": 50
        },
        "Tracker.IsTraining.sum": {
            "value": 1.0,
            "min": 1.0,
            "max": 1.0,
            "count": 50
        },
        "Tracker.Losses.PolicyLoss.mean": {
            "value": 0.036535051795317956,
            "min": 0.034201896765438965,
            "max": 0.036535051795317956,
            "count": 9
        },
        "Tracker.Losses.PolicyLoss.sum": {
            "value": 0.036535051795317956,
            "min": 0.034201896765438965,
            "max": 0.036535051795317956,
            "count": 9
        },
        "Tracker.Losses.ValueLoss.mean": {
            "value": 0.008085871718606282,
            "min": 0.008085871718606282,
            "max": 0.015333457897926114,
            "count": 9
        },
        "Tracker.Losses.ValueLoss.sum": {
            "value": 0.008085871718606282,
            "min": 0.008085871718606282,
            "max": 0.015333457897926114,
            "count": 9
        },
        "Tracker.Policy.LearningRate.mean": {
            "value": 2.966829011060001e-05,
            "min": 2.966829011060001e-05,
            "max": 0.00026992861002380004,
            "count": 9
        },
        "Tracker.Policy.LearningRate.sum": {
            "value": 2.966829011060001e-05,
            "min": 2.966829011060001e-05,
            "max": 0.00026992861002380004,
            "count": 9
        },
        "Tracker.Policy.Epsilon.mean": {
            "value": 0.10988940000000001,
            "min": 0.10988940000000001,
            "max": 0.1899762,
            "count": 9
        },
        "Tracker.Policy.Epsilon.sum": {
            "value": 0.10988940000000001,
            "min": 0.10988940000000001,
            "max": 0.1899762,
            "count": 9
        },
        "Tracker.Policy.Beta.mean": {
            "value": 0.0005,
            "min": 0.0005,
            "max": 0.0005,
            "count": 9
        },
        "Tracker.Policy.Beta.sum": {
            "value": 0.0005,
            "min": 0.0005,
            "max": 0.0005,
            "count": 9
        }
    },
    "metadata": {
        "timer_format_version": "0.1.0",
        "start_time_seconds": "1774062913",
        "python_version": "3.10.12 | packaged by Anaconda, Inc. | (main, Jul  5 2023, 19:01:18) [MSC v.1916 64 bit (AMD64)]",
        "command_line_arguments": "C:\\Users\\james\\miniconda3\\envs\\mlagents\\Scripts\\mlagents-learn config/ppo/detector_config.yaml --run-id=detector_run_V_0.05 --initialize-from=detector_run_V_0.04",
        "mlagents_version": "1.1.0",
        "mlagents_envs_version": "1.1.0",
        "communication_protocol_version": "1.5.0",
        "pytorch_version": "2.2.2+cu121",
        "numpy_version": "1.23.5",
        "end_time_seconds": "1774063301"
    },
    "total": 387.25911760050803,
    "count": 1,
    "self": 0.0068587008863687515,
    "children": {
        "run_training.setup": {
            "total": 0.09277809970080853,
            "count": 1,
            "self": 0.09277809970080853
        },
        "TrainerController.start_learning": {
            "total": 387.15948079992086,
            "count": 1,
            "self": 0.4218297880142927,
            "children": {
                "TrainerController._reset_env": {
                    "total": 29.03326559998095,
                    "count": 1,
                    "self": 29.03326559998095
                },
                "TrainerController.advance": {
                    "total": 357.64539891202,
                    "count": 24447,
                    "self": 0.42165005300194025,
                    "children": {
                        "env_step": {
                            "total": 227.23882220499218,
                            "count": 24447,
                            "self": 182.93088779225945,
                            "children": {
                                "SubprocessEnvManager._take_step": {
                                    "total": 44.04750997014344,
                                    "count": 24448,
                                    "self": 1.240053353831172,
                                    "children": {
                                        "TorchPolicy.evaluate": {
                                            "total": 42.807456616312265,
                                            "count": 20043,
                                            "self": 42.807456616312265
                                        }
                                    }
                                },
                                "workers": {
                                    "total": 0.260424442589283,
                                    "count": 24447,
                                    "self": 0.0,
                                    "children": {
                                        "worker_root": {
                                            "total": 347.18168385885656,
                                            "count": 24447,
                                            "is_parallel": true,
                                            "self": 205.1628302615136,
                                            "children": {
                                                "steps_from_proto": {
                                                    "total": 0.0006488002836704254,
                                                    "count": 2,
                                                    "is_parallel": true,
                                                    "self": 0.0002142004668712616,