{
    "name": "root",
    "gauges": {
        "RollerBall.Policy.Entropy.mean": {
            "value": 1.2378690242767334,
            "min": 1.2363648414611816,
            "max": 1.2426756620407104,
            "count": 50
        },
        "RollerBall.Policy.Entropy.sum": {
            "value": 11883.54296875,
            "min": 11720.240234375,
            "max": 13296.6298828125,
            "count": 50
        },
        "RollerBall.Environment.EpisodeLength.mean": {
            "value": 24.935135135135134,
            "min": 19.88100208768267,
            "max": 39.10437710437711,
            "count": 50
        },
        "RollerBall.Environment.EpisodeLength.sum": {
            "value": 9226.0,
            "min": 7866.0,
            "max": 12546.0,
            "count": 50
        },
        "RollerBall.Step.mean": {
            "value": 499998.0,
            "min": 9989.0,
            "max": 499998.0,
            "count": 50
        },
        "RollerBall.Step.sum": {
            "value": 499998.0,
            "min": 9989.0,
            "max": 499998.0,
            "count": 50
        },
        "RollerBall.Policy.ExtrinsicValueEstimate.mean": {
            "value": -0.03582114353775978,
            "min": -0.1660555750131607,
            "max": -0.005467489827424288,
            "count": 50
        },
        "RollerBall.Policy.ExtrinsicValueEstimate.sum": {
            "value": -13.61203384399414,
            "min": -68.9130630493164,
            "max": -2.088581085205078,
            "count": 50
        },
        "RollerBall.Environment.CumulativeReward.mean": {
            "value": -0.02607567688903293,
            "min": -0.1823516911748102,
            "max": 0.04511035584948693,
            "count": 50
        },
        "RollerBall.Environment.CumulativeReward.sum": {
            "value": -9.648000448942184,
            "min": -65.44649963080883,
            "max": 16.555500596761703,
            "count": 50
        },
        "RollerBall.Policy.ExtrinsicReward.mean": {
            "value": -0.02607567688903293,
            "min": -0.1823516911748102,
            "max": 0.04511035584948693,
            "count": 50
        },
        "RollerBall.Policy.ExtrinsicReward.sum": {
            "value": -9.648000448942184,
            "min": -65.44649963080883,
            "max": 16.555500596761703,
            "count": 50
        },
        "RollerBall.IsTraining.mean": {
            "value": 1.0,
            "min": 1.0,
            "max": 1.0,
            "count": 50
        },
        "RollerBall.IsTraining.sum": {
            "value": 1.0,
            "min": 1.0,
            "max": 1.0,
            "count": 50
        },
        "RollerBall.Losses.PolicyLoss.mean": {
            "value": 0.022880860488330528,
            "min": 0.022880860488330528,
            "max": 0.026692078135990862,
            "count": 4
        },
        "RollerBall.Losses.PolicyLoss.sum": {
            "value": 0.022880860488330528,
            "min": 0.022880860488330528,
            "max": 0.026692078135990862,
            "count": 4
        },
        "RollerBall.Losses.ValueLoss.mean": {
            "value": 0.22326378862267918,
            "min": 0.22326378862267918,
            "max": 0.23478058871534682,
            "count": 4
        },
        "RollerBall.Losses.ValueLoss.sum": {
            "value": 0.22326378862267918,
            "min": 0.22326378862267918,
            "max": 0.23478058871534682,
            "count": 4
        },
        "RollerBall.Policy.LearningRate.mean": {
            "value": 5.9902280032600004e-05,
            "min": 5.9902280032600004e-05,
            "max": 0.00023994542001820005,
            "count": 4
        },
        "RollerBall.Policy.LearningRate.sum": {
            "value": 5.9902280032600004e-05,
            "min": 5.9902280032600004e-05,
            "max": 0.00023994542001820005,
            "count": 4
        },
        "RollerBall.Policy.Epsilon.mean": {
            "value": 0.11996739999999997,
            "min": 0.11996739999999997,
            "max": 0.1799818,
            "count": 4
        },
        "RollerBall.Policy.Epsilon.sum": {
            "value": 0.11996739999999997,
            "min": 0.11996739999999997,
            "max": 0.1799818,
            "count": 4
        },
        "RollerBall.Policy.Beta.mean": {
            "value": 0.0005,
            "min": 0.0005,
            "max": 0.0005,
            "count": 4
        },
        "RollerBall.Policy.Beta.sum": {
            "value": 0.0005,
            "min": 0.0005,
            "max": 0.0005,
            "count": 4
        }
    },
    "metadata": {
        "timer_format_version": "0.1.0",
        "start_time_seconds": "1773557998",
        "python_version": "3.10.12 | packaged by Anaconda, Inc. | (main, Jul  5 2023, 19:01:18) [MSC v.1916 64 bit (AMD64)]",
        "command_line_arguments": "C:\\Users\\james\\miniconda3\\envs\\mlagents\\Scripts\\mlagents-learn config/ppo/rollerball_config.yaml --run-id=RollerBall_RandomForceAppliedV2 --initialize-from=RollerBall_RandomForceAppliedV1",
        "mlagents_version": "1.1.0",
        "mlagents_envs_version": "1.1.0",
        "communication_protocol_version": "1.5.0",
        "pytorch_version": "2.2.2+cu121",
        "numpy_version": "1.23.5",
        "end_time_seconds": "1773558384"
    },
    "total": 386.7744352002628,
    "count": 1,
    "self": 0.00670370040461421,
    "children": {
        "run_training.setup": {
            "total": 0.08869849983602762,
            "count": 1,
            "self": 0.08869849983602762
        },
        "TrainerController.start_learning": {
            "total": 386.6790330000222,
            "count": 1,
            "self": 0.6157138189300895,
            "children": {
                "TrainerController._reset_env": {
                    "total": 12.51895370008424,
                    "count": 1,
                    "self": 12.51895370008424
                },
                "TrainerController.advance": {
                    "total": 373.4760172809474,
                    "count": 35096,
                    "self": 0.5489049106836319,
                    "children": {
                        "env_step": {
                            "total": 251.04377796920016,
                            "count": 35096,
                            "self": 204.14175894111395,
                            "children": {
                                "SubprocessEnvManager._take_step": {
                                    "total": 46.54727998469025,
                                    "count": 35096,
                                    "self": 1.1342478324659169,
                                    "children": {
                                        "TorchPolicy.evaluate": {
                                            "total": 45.41303215222433,
                                            "count": 20022,
                                            "self": 45.41303215222433
                                        }
                                    }
                                },
                                "workers": {
                                    "total": 0.3547390433959663,
                                    "count": 35096,
                                    "self": 0.0,
                                    "children": {
                                        "worker_root": {
                                            "total": 374.52179914340377,
                                            "count": 35096,
                                            "is_parallel": true,
                                            "self": 204.84642585879192,
                                            "children": {
                                                "steps_from_proto": {
                                                    "total": 0.00034639984369277954,
                                                    "count": 1,