{
    "name": "root",
    "gauges": {
        "Tracker.Policy.Entropy.mean": {
            "value": 1.0185739994049072,
            "min": 1.0185739994049072,
            "max": 1.14512038230896,
            "count": 50
        },
        "Tracker.Policy.Entropy.sum": {
            "value": 10185.740234375,
            "min": 9880.958984375,
            "max": 12338.671875,
            "count": 50
        },
        "Tracker.Environment.EpisodeLength.mean": {
            "value": 23.145679012345678,
            "min": 23.145679012345678,
            "max": 41.81623931623932,
            "count": 50
        },
        "Tracker.Environment.EpisodeLength.sum": {
            "value": 9374.0,
            "min": 9221.0,
            "max": 10111.0,
            "count": 50
        },
        "Tracker.Step.mean": {
            "value": 499990.0,
            "min": 9990.0,
            "max": 499990.0,
            "count": 50
        },
        "Tracker.Step.sum": {
            "value": 499990.0,
            "min": 9990.0,
            "max": 499990.0,
            "count": 50
        },
        "Tracker.Policy.ExtrinsicValueEstimate.mean": {
            "value": 0.8191795349121094,
            "min": 0.7584602236747742,
            "max": 0.8718594312667847,
            "count": 50
        },
        "Tracker.Policy.ExtrinsicValueEstimate.sum": {
            "value": 334.2252502441406,
            "min": 211.49790954589844,
            "max": 334.2252502441406,
            "count": 50
        },
        "Tracker.Environment.CumulativeReward.mean": {
            "value": 1.0,
            "min": 1.0,
            "max": 1.0,
            "count": 50
        },
        "Tracker.Environment.CumulativeReward.sum": {
            "value": 406.0,
            "min": 233.0,
            "max": 406.0,
            "count": 50
        },
        "Tracker.Policy.ExtrinsicReward.mean": {
            "value": 1.0,
            "min": 1.0,
            "max": 1.0,
            "count": 50
        },
        "Tracker.Policy.ExtrinsicReward.sum": {
            "value": 406.0,
            "min": 233.0,
            "max": 406.0,
            "count": 50
        },
        "Tracker.IsTraining.mean": {
            "value": 1.0,
            "min": 1.0,
            "max": 1.0,
            "count": 50
        },
        "Tracker.IsTraining.sum": {
            "value": 1.0,
            "min": 1.0,
            "max": 1.0,
            "count": 50
        },
        "Tracker.Losses.PolicyLoss.mean": {
            "value": 0.03582878443127384,
            "min": 0.03300027235305494,
            "max": 0.03621348620814838,
            "count": 9
        },
        "Tracker.Losses.PolicyLoss.sum": {
            "value": 0.03582878443127384,
            "min": 0.03300027235305494,
            "max": 0.03621348620814838,
            "count": 9
        },
        "Tracker.Losses.ValueLoss.mean": {
            "value": 0.02015891657876117,
            "min": 0.01995251492894802,
            "max": 0.027988980988303002,
            "count": 9
        },
        "Tracker.Losses.ValueLoss.sum": {
            "value": 0.02015891657876117,
            "min": 0.01995251492894802,
            "max": 0.027988980988303002,
            "count": 9
        },
        "Tracker.Policy.LearningRate.mean": {
            "value": 2.9598090134000002e-05,
            "min": 2.9598090134000002e-05,
            "max": 0.0002699898100034,
            "count": 9
        },
        "Tracker.Policy.LearningRate.sum": {
            "value": 2.9598090134000002e-05,
            "min": 2.9598090134000002e-05,
            "max": 0.0002699898100034,
            "count": 9
        },
        "Tracker.Policy.Epsilon.mean": {
            "value": 0.109866,
            "min": 0.109866,
            "max": 0.1899966,
            "count": 9
        },
        "Tracker.Policy.Epsilon.sum": {
            "value": 0.109866,
            "min": 0.109866,
            "max": 0.1899966,
            "count": 9
        },
        "Tracker.Policy.Beta.mean": {
            "value": 0.0005000000000000001,
            "min": 0.0005,
            "max": 0.0005000000000000001,
            "count": 9
        },
        "Tracker.Policy.Beta.sum": {
            "value": 0.0005000000000000001,
            "min": 0.0005,
            "max": 0.0005000000000000001,
            "count": 9
        }
    },
    "metadata": {
        "timer_format_version": "0.1.0",
        "start_time_seconds": "1774063422",
        "python_version": "3.10.12 | packaged by Anaconda, Inc. | (main, Jul  5 2023, 19:01:18) [MSC v.1916 64 bit (AMD64)]",
        "command_line_arguments": "C:\\Users\\james\\miniconda3\\envs\\mlagents\\Scripts\\mlagents-learn config/ppo/detector_config.yaml --run-id=detector_run_V_0.11 --initialize-from=detector_run_V_0.05",
        "mlagents_version": "1.1.0",
        "mlagents_envs_version": "1.1.0",
        "communication_protocol_version": "1.5.0",
        "pytorch_version": "2.2.2+cu121",
        "numpy_version": "1.23.5",
        "end_time_seconds": "1774063753"
    },
    "total": 330.7915062000975,
    "count": 1,
    "self": 0.007094300352036953,
    "children": {
        "run_training.setup": {
            "total": 0.09256029967218637,
            "count": 1,
            "self": 0.09256029967218637
        },
        "TrainerController.start_learning": {
            "total": 330.6918516000733,
            "count": 1,
            "self": 0.3938933461904526,
            "children": {
                "TrainerController._reset_env": {
                    "total": 20.162449000403285,
                    "count": 1,
                    "self": 20.162449000403285
                },
                "TrainerController.advance": {
                    "total": 310.0750332539901,
                    "count": 23849,
                    "self": 0.39722459577023983,
                    "children": {
                        "env_step": {
                            "total": 168.47705268487334,
                            "count": 23849,
                            "self": 125.1882044840604,
                            "children": {
                                "SubprocessEnvManager._take_step": {
                                    "total": 43.04180724173784,
                                    "count": 23849,
                                    "self": 1.1019221358001232,
                                    "children": {
                                        "TorchPolicy.evaluate": {
                                            "total": 41.93988510593772,
                                            "count": 20021,
                                            "self": 41.93988510593772
                                        }
                                    }
                                },
                                "workers": {
                                    "total": 0.24704095907509327,
                                    "count": 23849,
                                    "self": 0.0,
                                    "children": {
                                        "worker_root": {
                                            "total": 310.9687161212787,
                                            "count": 23849,
                                            "is_parallel": true,
                                            "self": 214.8112132884562,
                                            "children": {
                                                "steps_from_proto": {
                                                    "total": 0.00035899970680475235,
                                                    "count": 1,
                                                    "is_parallel": true,
                                                    "self": 0.0001360001042485237,