{
    "name": "root",
    "gauges": {
        "RollerBall.Policy.Entropy.mean": {
            "value": 1.3105411529541016,
            "min": 1.310541033744812,
            "max": 1.3211519718170166,
            "count": 50
        },
        "RollerBall.Policy.Entropy.sum": {
            "value": 12843.302734375,
            "min": 12568.716796875,
            "max": 14679.998046875,
            "count": 50
        },
        "RollerBall.Environment.EpisodeLength.mean": {
            "value": 69.36363636363636,
            "min": 63.27741935483871,
            "max": 83.83193277310924,
            "count": 50
        },
        "RollerBall.Environment.EpisodeLength.sum": {
            "value": 9919.0,
            "min": 9543.0,
            "max": 10360.0,
            "count": 50
        },
        "RollerBall.Step.mean": {
            "value": 499964.0,
            "min": 9918.0,
            "max": 499964.0,
            "count": 50
        },
        "RollerBall.Step.sum": {
            "value": 499964.0,
            "min": 9918.0,
            "max": 499964.0,
            "count": 50
        },
        "RollerBall.Policy.ExtrinsicValueEstimate.mean": {
            "value": 0.817827582359314,
            "min": 0.7969556450843811,
            "max": 3.0987014770507812,
            "count": 50
        },
        "RollerBall.Policy.ExtrinsicValueEstimate.sum": {
            "value": 125.94544982910156,
            "min": 115.95313262939453,
            "max": 440.0155944824219,
            "count": 50
        },
        "RollerBall.Environment.CumulativeReward.mean": {
            "value": 1.2892253581486957,
            "min": 1.2313928550907545,
            "max": 1.3178235332505042,
            "count": 50
        },
        "RollerBall.Environment.CumulativeReward.sum": {
            "value": 183.0700008571148,
            "min": 152.8864998333156,
            "max": 196.9909994006157,
            "count": 50
        },
        "RollerBall.Policy.ExtrinsicReward.mean": {
            "value": 1.2892253581486957,
            "min": 1.2313928550907545,
            "max": 1.3178235332505042,
            "count": 50
        },
        "RollerBall.Policy.ExtrinsicReward.sum": {
            "value": 183.0700008571148,
            "min": 152.8864998333156,
            "max": 196.9909994006157,
            "count": 50
        },
        "RollerBall.IsTraining.mean": {
            "value": 1.0,
            "min": 1.0,
            "max": 1.0,
            "count": 50
        },
        "RollerBall.IsTraining.sum": {
            "value": 1.0,
            "min": 1.0,
            "max": 1.0,
            "count": 50
        },
        "RollerBall.Losses.PolicyLoss.mean": {
            "value": 0.024970754072121328,
            "min": 0.02272861938974804,
            "max": 0.027394052723717085,
            "count": 4
        },
        "RollerBall.Losses.PolicyLoss.sum": {
            "value": 0.024970754072121328,
            "min": 0.02272861938974804,
            "max": 0.027394052723717085,
            "count": 4
        },
        "RollerBall.Losses.ValueLoss.mean": {
            "value": 0.017949852337132616,
            "min": 0.017949852337132616,
            "max": 0.16318897207834057,
            "count": 4
        },
        "RollerBall.Losses.ValueLoss.sum": {
            "value": 0.017949852337132616,
            "min": 0.017949852337132616,
            "max": 0.16318897207834057,
            "count": 4
        },
        "RollerBall.Policy.LearningRate.mean": {
            "value": 5.9817680060799984e-05,
            "min": 5.9817680060799984e-05,
            "max": 0.00023994482001839994,
            "count": 4
        },
        "RollerBall.Policy.LearningRate.sum": {
            "value": 5.9817680060799984e-05,
            "min": 5.9817680060799984e-05,
            "max": 0.00023994482001839994,
            "count": 4
        },
        "RollerBall.Policy.Epsilon.mean": {
            "value": 0.11993919999999998,
            "min": 0.11993919999999998,
            "max": 0.17998160000000002,
            "count": 4
        },
        "RollerBall.Policy.Epsilon.sum": {
            "value": 0.11993919999999998,
            "min": 0.11993919999999998,
            "max": 0.17998160000000002,
            "count": 4
        },
        "RollerBall.Policy.Beta.mean": {
            "value": 0.0005,
            "min": 0.0005,
            "max": 0.0005,
            "count": 4
        },
        "RollerBall.Policy.Beta.sum": {
            "value": 0.0005,
            "min": 0.0005,
            "max": 0.0005,
            "count": 4
        }
    },
    "metadata": {
        "timer_format_version": "0.1.0",
        "start_time_seconds": "1773552994",
        "python_version": "3.10.12 | packaged by Anaconda, Inc. | (main, Jul  5 2023, 19:01:18) [MSC v.1916 64 bit (AMD64)]",
        "command_line_arguments": "C:\\Users\\james\\miniconda3\\envs\\mlagents\\Scripts\\mlagents-learn config/ppo/rollerball_config.yaml --run-id=RollerBall_UpdatedRewardsV2 --initialize-from=RollerBall_UpdatedRewards2",
        "mlagents_version": "1.1.0",
        "mlagents_envs_version": "1.1.0",
        "communication_protocol_version": "1.5.0",
        "pytorch_version": "2.2.2+cu121",
        "numpy_version": "1.23.5",
        "end_time_seconds": "1773553365"
    },
    "total": 370.7472679000348,
    "count": 1,
    "self": 0.006874999962747097,
    "children": {
        "run_training.setup": {
            "total": 0.09884280012920499,
            "count": 1,
            "self": 0.09884280012920499
        },
        "TrainerController.start_learning": {
            "total": 370.64155009994283,
            "count": 1,
            "self": 0.45279614673927426,
            "children": {
                "TrainerController._reset_env": {
                    "total": 12.375257899984717,
                    "count": 1,
                    "self": 12.375257899984717
                },
                "TrainerController.advance": {
                    "total": 357.7442969530821,
                    "count": 26000,
                    "self": 0.4316715984605253,
                    "children": {
                        "env_step": {
                            "total": 260.47089323960245,
                            "count": 26000,
                            "self": 210.83467565989122,
                            "children": {
                                "SubprocessEnvManager._take_step": {
                                    "total": 49.356910994276404,
                                    "count": 26000,
                                    "self": 1.1247811554931104,
                                    "children": {
                                        "TorchPolicy.evaluate": {
                                            "total": 48.232129838783294,
                                            "count": 20032,
                                            "self": 48.232129838783294
                                        }
                                    }
                                },
                                "workers": {
                                    "total": 0.27930658543482423,
                                    "count": 26000,
                                    "self": 0.0,
                                    "children": {
                                        "worker_root": {
                                            "total": 358.75940722366795,
                                            "count": 26000,
                                            "is_parallel": true,
                                            "self": 177.94728253036737,
                                            "children": {
                                                "steps_from_proto": {
                                                    "total": 0.00036079995334148407,
                                                    "count": 1,