{
    "name": "root",
    "gauges": {
        "Tracker.Policy.Entropy.mean": {
            "value": 1.3232041597366333,
            "min": 1.3232041597366333,
            "max": 1.3525867462158203,
            "count": 50
        },
        "Tracker.Policy.Entropy.sum": {
            "value": 13165.880859375,
            "min": 12708.6337890625,
            "max": 17313.109375,
            "count": 50
        },
        "Tracker.Environment.EpisodeLength.mean": {
            "value": 788.0,
            "min": 217.0,
            "max": 7117.5,
            "count": 45
        },
        "Tracker.Environment.EpisodeLength.sum": {
            "value": 1576.0,
            "min": 434.0,
            "max": 21682.0,
            "count": 45
        },
        "Tracker.Step.mean": {
            "value": 499913.0,
            "min": 9908.0,
            "max": 499913.0,
            "count": 50
        },
        "Tracker.Step.sum": {
            "value": 499913.0,
            "min": 9908.0,
            "max": 499913.0,
            "count": 50
        },
        "Tracker.Policy.ExtrinsicValueEstimate.mean": {
            "value": 0.09081920981407166,
            "min": 0.08997917175292969,
            "max": 0.27510902285575867,
            "count": 50
        },
        "Tracker.Policy.ExtrinsicValueEstimate.sum": {
            "value": 7.174717426300049,
            "min": 7.018375396728516,
            "max": 22.00872230529785,
            "count": 50
        },
        "Tracker.Environment.CumulativeReward.mean": {
            "value": 1.0000000149011612,
            "min": 1.0000000037252903,
            "max": 16.28977930188762,
            "count": 45
        },
        "Tracker.Environment.CumulativeReward.sum": {
            "value": 2.0000000298023224,
            "min": 1.0000000074505806,
            "max": 48.76308784261346,
            "count": 45
        },
        "Tracker.Policy.ExtrinsicReward.mean": {
            "value": 1.0000000149011612,
            "min": 1.0000000037252903,
            "max": 16.28977930188762,
            "count": 45
        },
        "Tracker.Policy.ExtrinsicReward.sum": {
            "value": 2.0000000298023224,
            "min": 1.0000000074505806,
            "max": 48.76308784261346,
            "count": 45
        },
        "Tracker.IsTraining.mean": {
            "value": 1.0,
            "min": 1.0,
            "max": 1.0,
            "count": 50
        },
        "Tracker.IsTraining.sum": {
            "value": 1.0,
            "min": 1.0,
            "max": 1.0,
            "count": 50
        },
        "Tracker.Losses.PolicyLoss.mean": {
            "value": 0.037426404883890645,
            "min": 0.032294156479802896,
            "max": 0.037426404883890645,
            "count": 9
        },
        "Tracker.Losses.PolicyLoss.sum": {
            "value": 0.037426404883890645,
            "min": 0.032294156479802896,
            "max": 0.037426404883890645,
            "count": 9
        },
        "Tracker.Losses.ValueLoss.mean": {
            "value": 0.0008203945203405187,
            "min": 0.0008203945203405187,
            "max": 0.0035454290340733684,
            "count": 9
        },
        "Tracker.Losses.ValueLoss.sum": {
            "value": 0.0008203945203405187,
            "min": 0.0008203945203405187,
            "max": 0.0035454290340733684,
            "count": 9
        },
        "Tracker.Policy.LearningRate.mean": {
            "value": 2.5822291392599992e-05,
            "min": 2.5822291392599992e-05,
            "max": 0.00026954221015259997,
            "count": 9
        },
        "Tracker.Policy.LearningRate.sum": {
            "value": 2.5822291392599992e-05,
            "min": 2.5822291392599992e-05,
            "max": 0.00026954221015259997,
            "count": 9
        },
        "Tracker.Policy.Epsilon.mean": {
            "value": 0.1086074,
            "min": 0.1086074,
            "max": 0.18984740000000003,
            "count": 9
        },
        "Tracker.Policy.Epsilon.sum": {
            "value": 0.1086074,
            "min": 0.1086074,
            "max": 0.18984740000000003,
            "count": 9
        },
        "Tracker.Policy.Beta.mean": {
            "value": 0.0005000000000000001,
            "min": 0.0005,
            "max": 0.0005000000000000001,
            "count": 9
        },
        "Tracker.Policy.Beta.sum": {
            "value": 0.0005000000000000001,
            "min": 0.0005,
            "max": 0.0005000000000000001,
            "count": 9
        }
    },
    "metadata": {
        "timer_format_version": "0.1.0",
        "start_time_seconds": "1774177533",
        "python_version": "3.10.12 | packaged by Anaconda, Inc. | (main, Jul  5 2023, 19:01:18) [MSC v.1916 64 bit (AMD64)]",
        "command_line_arguments": "C:\\Users\\james\\miniconda3\\envs\\mlagents\\Scripts\\mlagents-learn config/ppo/detector_config.yaml --run-id=detector_nearestV1.07 --initialize-from=detector_nearestV1.06",
        "mlagents_version": "1.1.0",
        "mlagents_envs_version": "1.1.0",
        "communication_protocol_version": "1.5.0",
        "pytorch_version": "2.2.2+cu121",
        "numpy_version": "1.23.5",
        "end_time_seconds": "1774177973"
    },
    "total": 439.9620823999867,
    "count": 1,
    "self": 0.008298399858176708,
    "children": {
        "run_training.setup": {
            "total": 0.09061190020292997,
            "count": 1,
            "self": 0.09061190020292997
        },
        "TrainerController.start_learning": {
            "total": 439.8631720999256,
            "count": 1,
            "self": 0.3618696080520749,
            "children": {
                "TrainerController._reset_env": {
                    "total": 9.33399710059166,
                    "count": 1,
                    "self": 9.33399710059166
                },
                "TrainerController.advance": {
                    "total": 429.9580075908452,
                    "count": 20222,
                    "self": 0.3399994596838951,
                    "children": {
                        "env_step": {
                            "total": 273.02635415364057,
                            "count": 20222,
                            "self": 186.94968241360039,
                            "children": {
                                "SubprocessEnvManager._take_step": {
                                    "total": 85.85337661765516,
                                    "count": 20223,
                                    "self": 1.1847629752010107,
                                    "children": {
                                        "TorchPolicy.evaluate": {
                                            "total": 84.66861364245415,
                                            "count": 20134,
                                            "self": 84.66861364245415
                                        }
                                    }
                                },
                                "workers": {
                                    "total": 0.22329512238502502,
                                    "count": 20222,
                                    "self": 0.0,
                                    "children": {
                                        "worker_root": {
                                            "total": 405.2336439359933,
                                            "count": 20222,
                                            "is_parallel": true,
                                            "self": 272.61318779643625,
                                            "children": {
                                                "steps_from_proto": {
                                                    "total": 0.0011996999382972717,
                                                    "count": 2,
                                                    "is_parallel": true,