{
    "name": "root",
    "gauges": {
        "Tracker.Policy.Entropy.mean": {
            "value": 1.3711373805999756,
            "min": 1.3711373805999756,
            "max": 1.3711373805999756,
            "count": 1
        },
        "Tracker.Policy.Entropy.sum": {
            "value": 17550.55859375,
            "min": 17550.55859375,
            "max": 17550.55859375,
            "count": 1
        },
        "Tracker.Step.mean": {
            "value": 499921.0,
            "min": 499921.0,
            "max": 499921.0,
            "count": 1
        },
        "Tracker.Step.sum": {
            "value": 499921.0,
            "min": 499921.0,
            "max": 499921.0,
            "count": 1
        },
        "Tracker.Policy.ExtrinsicValueEstimate.mean": {
            "value": 0.5409927368164062,
            "min": 0.5409927368164062,
            "max": 0.5409927368164062,
            "count": 1
        },
        "Tracker.Policy.ExtrinsicValueEstimate.sum": {
            "value": 41.115447998046875,
            "min": 41.115447998046875,
            "max": 41.115447998046875,
            "count": 1
        },
        "Tracker.Environment.EpisodeLength.mean": {
            "value": 451.0,
            "min": 451.0,
            "max": 451.0,
            "count": 1
        },
        "Tracker.Environment.EpisodeLength.sum": {
            "value": 451.0,
            "min": 451.0,
            "max": 451.0,
            "count": 1
        },
        "Tracker.Environment.CumulativeReward.mean": {
            "value": 2.2104463279247284,
            "min": 2.2104463279247284,
            "max": 2.2104463279247284,
            "count": 1
        },
        "Tracker.Environment.CumulativeReward.sum": {
            "value": 2.2104463279247284,
            "min": 2.2104463279247284,
            "max": 2.2104463279247284,
            "count": 1
        },
        "Tracker.Policy.ExtrinsicReward.mean": {
            "value": 2.2104463279247284,
            "min": 2.2104463279247284,
            "max": 2.2104463279247284,
            "count": 1
        },
        "Tracker.Policy.ExtrinsicReward.sum": {
            "value": 2.2104463279247284,
            "min": 2.2104463279247284,
            "max": 2.2104463279247284,
            "count": 1
        },
        "Tracker.IsTraining.mean": {
            "value": 1.0,
            "min": 1.0,
            "max": 1.0,
            "count": 1
        },
        "Tracker.IsTraining.sum": {
            "value": 1.0,
            "min": 1.0,
            "max": 1.0,
            "count": 1
        }
    },
    "metadata": {
        "timer_format_version": "0.1.0",
        "start_time_seconds": "1774177022",
        "python_version": "3.10.12 | packaged by Anaconda, Inc. | (main, Jul  5 2023, 19:01:18) [MSC v.1916 64 bit (AMD64)]",
        "command_line_arguments": "C:\\Users\\james\\miniconda3\\envs\\mlagents\\Scripts\\mlagents-learn config/ppo/detector_config.yaml --run-id=detector_nearestV1.05 --initialize-from=detector_nearestV1.04 --resume",
        "mlagents_version": "1.1.0",
        "mlagents_envs_version": "1.1.0",
        "communication_protocol_version": "1.5.0",
        "pytorch_version": "2.2.2+cu121",
        "numpy_version": "1.23.5",
        "end_time_seconds": "1774177040"
    },
    "total": 17.520548599772155,
    "count": 1,
    "self": 0.006728199310600758,
    "children": {
        "run_training.setup": {
            "total": 0.09864090010523796,
            "count": 1,
            "self": 0.09864090010523796
        },
        "TrainerController.start_learning": {
            "total": 17.415179500356317,
            "count": 1,
            "self": 0.008140896447002888,
            "children": {
                "TrainerController._reset_env": {
                    "total": 8.76329980045557,
                    "count": 1,
                    "self": 8.76329980045557
                },
                "TrainerController.advance": {
                    "total": 8.434059103019536,
                    "count": 513,
                    "self": 0.008323599584400654,
                    "children": {
                        "env_step": {
                            "total": 7.036676794290543,
                            "count": 513,
                            "self": 4.9482387993484735,
                            "children": {
                                "SubprocessEnvManager._take_step": {
                                    "total": 2.083106394857168,
                                    "count": 513,
                                    "self": 0.030713997781276703,
                                    "children": {
                                        "TorchPolicy.evaluate": {
                                            "total": 2.0523923970758915,
                                            "count": 512,
                                            "self": 2.0523923970758915
                                        }
                                    }
                                },
                                "workers": {
                                    "total": 0.005331600084900856,
                                    "count": 513,
                                    "self": 0.0,
                                    "children": {
                                        "worker_root": {
                                            "total": 8.949273398146033,
                                            "count": 513,
                                            "is_parallel": true,
                                            "self": 4.692177892662585,
                                            "children": {
                                                "steps_from_proto": {
                                                    "total": 0.0005535995587706566,
                                                    "count": 1,
                                                    "is_parallel": true,
                                                    "self": 0.0001146998256444931,
                                                    "children": {
                                                        "_process_rank_one_or_two_observation": {
                                                            "total": 0.0004388997331261635,
                                                            "count": 4,
                                                            "is_parallel": true,
                                                            "self": 0.0004388997331261635
                                                        }
                                                    }
                                                },
                                                "UnityEnvironment.step": {
                                                    "total": 4.256541905924678,
                                                    "count": 513,
                                                    "is_parallel": true,
                                                    "self": 0.09717222861945629,
                                                    "children": {
                                                        "UnityEnvironment._generate_step_input": {
                                                            "total": 0.13359569385647774,
                                                            "count": 513,
                                                            "is_parallel": true,
                                                            "self": 0.13359569385647774
                                                        },
                                                        "communicator.exchange": {
                                                            "total": 3.7857928927987814,
                                                            "count": 513,
                                                            "is_parallel": true,