{
    "name": "root",
    "gauges": {
        "RollerBall.Policy.Entropy.mean": {
            "value": 1.2637803554534912,
            "min": 1.2637803554534912,
            "max": 1.2664350271224976,
            "count": 50
        },
        "RollerBall.Policy.Entropy.sum": {
            "value": 12732.5869140625,
            "min": 12240.5,
            "max": 13442.41015625,
            "count": 50
        },
        "RollerBall.Environment.EpisodeLength.mean": {
            "value": 37.778210116731515,
            "min": 37.148288973384034,
            "max": 43.874439461883405,
            "count": 50
        },
        "RollerBall.Environment.EpisodeLength.sum": {
            "value": 9709.0,
            "min": 9675.0,
            "max": 9829.0,
            "count": 50
        },
        "RollerBall.Step.mean": {
            "value": 499991.0,
            "min": 9956.0,
            "max": 499991.0,
            "count": 50
        },
        "RollerBall.Step.sum": {
            "value": 499991.0,
            "min": 9956.0,
            "max": 499991.0,
            "count": 50
        },
        "RollerBall.Policy.ExtrinsicValueEstimate.mean": {
            "value": 0.8982987403869629,
            "min": 0.8836343884468079,
            "max": 0.9102222919464111,
            "count": 50
        },
        "RollerBall.Policy.ExtrinsicValueEstimate.sum": {
            "value": 230.86277770996094,
            "min": 199.55189514160156,
            "max": 237.30392456054688,
            "count": 50
        },
        "RollerBall.Environment.CumulativeReward.mean": {
            "value": 1.1294961131036514,
            "min": 1.0947384998888152,
            "max": 1.1725872354304536,
            "count": 50
        },
        "RollerBall.Environment.CumulativeReward.sum": {
            "value": 290.2805010676384,
            "min": 259.6650016903877,
            "max": 298.2080002427101,
            "count": 50
        },
        "RollerBall.Policy.ExtrinsicReward.mean": {
            "value": 1.1294961131036514,
            "min": 1.0947384998888152,
            "max": 1.1725872354304536,
            "count": 50
        },
        "RollerBall.Policy.ExtrinsicReward.sum": {
            "value": 290.2805010676384,
            "min": 259.6650016903877,
            "max": 298.2080002427101,
            "count": 50
        },
        "RollerBall.IsTraining.mean": {
            "value": 1.0,
            "min": 1.0,
            "max": 1.0,
            "count": 50
        },
        "RollerBall.IsTraining.sum": {
            "value": 1.0,
            "min": 1.0,
            "max": 1.0,
            "count": 50
        },
        "RollerBall.Losses.PolicyLoss.mean": {
            "value": 0.023199634363273113,
            "min": 0.023199634363273113,
            "max": 0.02578560544475529,
            "count": 4
        },
        "RollerBall.Losses.PolicyLoss.sum": {
            "value": 0.023199634363273113,
            "min": 0.023199634363273113,
            "max": 0.02578560544475529,
            "count": 4
        },
        "RollerBall.Losses.ValueLoss.mean": {
            "value": 0.008505870117661879,
            "min": 0.008505870117661879,
            "max": 0.013406341500209062,
            "count": 4
        },
        "RollerBall.Losses.ValueLoss.sum": {
            "value": 0.008505870117661879,
            "min": 0.008505870117661879,
            "max": 0.013406341500209062,
            "count": 4
        },
        "RollerBall.Policy.LearningRate.mean": {
            "value": 5.993228002259999e-05,
            "min": 5.993228002259999e-05,
            "max": 0.0002399886200038,
            "count": 4
        },
        "RollerBall.Policy.LearningRate.sum": {
            "value": 5.993228002259999e-05,
            "min": 5.993228002259999e-05,
            "max": 0.0002399886200038,
            "count": 4
        },
        "RollerBall.Policy.Epsilon.mean": {
            "value": 0.1199774,
            "min": 0.1199774,
            "max": 0.17999619999999997,
            "count": 4
        },
        "RollerBall.Policy.Epsilon.sum": {
            "value": 0.1199774,
            "min": 0.1199774,
            "max": 0.17999619999999997,
            "count": 4
        },
        "RollerBall.Policy.Beta.mean": {
            "value": 0.0005,
            "min": 0.0005,
            "max": 0.0005,
            "count": 4
        },
        "RollerBall.Policy.Beta.sum": {
            "value": 0.0005,
            "min": 0.0005,
            "max": 0.0005,
            "count": 4
        }
    },
    "metadata": {
        "timer_format_version": "0.1.0",
        "start_time_seconds": "1773555986",
        "python_version": "3.10.12 | packaged by Anaconda, Inc. | (main, Jul  5 2023, 19:01:18) [MSC v.1916 64 bit (AMD64)]",
        "command_line_arguments": "C:\\Users\\james\\miniconda3\\envs\\mlagents\\Scripts\\mlagents-learn config/ppo/rollerball_config.yaml --run-id=RollerBall_UpdatedRewardsV2.4 --initialize-from=RollerBall_UpdatedRewardsV2.3",
        "mlagents_version": "1.1.0",
        "mlagents_envs_version": "1.1.0",
        "communication_protocol_version": "1.5.0",
        "pytorch_version": "2.2.2+cu121",
        "numpy_version": "1.23.5",
        "end_time_seconds": "1773556367"
    },
    "total": 380.62821750016883,
    "count": 1,
    "self": 0.006828300654888153,
    "children": {
        "run_training.setup": {
            "total": 0.08884779969230294,
            "count": 1,
            "self": 0.08884779969230294
        },
        "TrainerController.start_learning": {
            "total": 380.53254139982164,
            "count": 1,
            "self": 0.5145137379877269,
            "children": {
                "TrainerController._reset_env": {
                    "total": 10.836402400396764,
                    "count": 1,
                    "self": 10.836402400396764
                },
                "TrainerController.advance": {
                    "total": 369.1234840610996,
                    "count": 30685,
                    "self": 0.45832643657922745,
                    "children": {
                        "env_step": {
                            "total": 264.75642623659223,
                            "count": 30685,
                            "self": 219.22784058749676,
                            "children": {
                                "SubprocessEnvManager._take_step": {
                                    "total": 45.20843093749136,
                                    "count": 30685,
                                    "self": 1.1250510504469275,
                                    "children": {
                                        "TorchPolicy.evaluate": {
                                            "total": 44.08337988704443,
                                            "count": 20023,
                                            "self": 44.08337988704443
                                        }
                                    }
                                },
                                "workers": {
                                    "total": 0.32015471160411835,
                                    "count": 30685,
                                    "self": 0.0,
                                    "children": {
                                        "worker_root": {
                                            "total": 370.08506297692657,
                                            "count": 30685,
                                            "is_parallel": true,
                                            "self": 183.1189285274595,
                                            "children": {
                                                "steps_from_proto": {
                                                    "total": 0.00033530034124851227,
                                                    "count": 1,
                                                    "is_parallel": true,