{
    "name": "root",
    "gauges": {
        "RollerBall.Policy.Entropy.mean": {
            "value": 1.3195502758026123,
            "min": 1.3195502758026123,
            "max": 1.3496532440185547,
            "count": 50
        },
        "RollerBall.Policy.Entropy.sum": {
            "value": 13016.0439453125,
            "min": 12636.013671875,
            "max": 14479.080078125,
            "count": 50
        },
        "RollerBall.Environment.EpisodeLength.mean": {
            "value": 85.60504201680672,
            "min": 47.795121951219514,
            "max": 85.60504201680672,
            "count": 50
        },
        "RollerBall.Environment.EpisodeLength.sum": {
            "value": 10187.0,
            "min": 9445.0,
            "max": 10350.0,
            "count": 50
        },
        "RollerBall.Step.mean": {
            "value": 499968.0,
            "min": 9973.0,
            "max": 499968.0,
            "count": 50
        },
        "RollerBall.Step.sum": {
            "value": 499968.0,
            "min": 9973.0,
            "max": 499968.0,
            "count": 50
        },
        "RollerBall.Policy.ExtrinsicValueEstimate.mean": {
            "value": 2.991135358810425,
            "min": 2.4649598598480225,
            "max": 3.008026361465454,
            "count": 50
        },
        "RollerBall.Policy.ExtrinsicValueEstimate.sum": {
            "value": 394.8298645019531,
            "min": 390.6322326660156,
            "max": 512.853515625,
            "count": 50
        },
        "RollerBall.Environment.CumulativeReward.mean": {
            "value": 7.904452797745456,
            "min": 4.6780589660305285,
            "max": 7.904452797745456,
            "count": 50
        },
        "RollerBall.Environment.CumulativeReward.sum": {
            "value": 940.6298829317093,
            "min": 826.7198719978333,
            "max": 988.4298570156097,
            "count": 50
        },
        "RollerBall.Policy.ExtrinsicReward.mean": {
            "value": 7.904452797745456,
            "min": 4.6780589660305285,
            "max": 7.904452797745456,
            "count": 50
        },
        "RollerBall.Policy.ExtrinsicReward.sum": {
            "value": 940.6298829317093,
            "min": 826.7198719978333,
            "max": 988.4298570156097,
            "count": 50
        },
        "RollerBall.IsTraining.mean": {
            "value": 1.0,
            "min": 1.0,
            "max": 1.0,
            "count": 50
        },
        "RollerBall.IsTraining.sum": {
            "value": 1.0,
            "min": 1.0,
            "max": 1.0,
            "count": 50
        },
        "RollerBall.Losses.PolicyLoss.mean": {
            "value": 0.026234270921585076,
            "min": 0.02415121092038594,
            "max": 0.026234270921585076,
            "count": 4
        },
        "RollerBall.Losses.PolicyLoss.sum": {
            "value": 0.026234270921585076,
            "min": 0.02415121092038594,
            "max": 0.026234270921585076,
            "count": 4
        },
        "RollerBall.Losses.ValueLoss.mean": {
            "value": 0.22294470954596793,
            "min": 0.22294470954596793,
            "max": 0.2946886039783865,
            "count": 4
        },
        "RollerBall.Losses.ValueLoss.sum": {
            "value": 0.22294470954596793,
            "min": 0.22294470954596793,
            "max": 0.2946886039783865,
            "count": 4
        },
        "RollerBall.Policy.LearningRate.mean": {
            "value": 5.991308002900002e-05,
            "min": 5.991308002900002e-05,
            "max": 0.00023996702001099997,
            "count": 4
        },
        "RollerBall.Policy.LearningRate.sum": {
            "value": 5.991308002900002e-05,
            "min": 5.991308002900002e-05,
            "max": 0.00023996702001099997,
            "count": 4
        },
        "RollerBall.Policy.Epsilon.mean": {
            "value": 0.11997100000000002,
            "min": 0.11997100000000002,
            "max": 0.17998899999999998,
            "count": 4
        },
        "RollerBall.Policy.Epsilon.sum": {
            "value": 0.11997100000000002,
            "min": 0.11997100000000002,
            "max": 0.17998899999999998,
            "count": 4
        },
        "RollerBall.Policy.Beta.mean": {
            "value": 0.0005,
            "min": 0.0005,
            "max": 0.0005,
            "count": 4
        },
        "RollerBall.Policy.Beta.sum": {
            "value": 0.0005,
            "min": 0.0005,
            "max": 0.0005,
            "count": 4
        }
    },
    "metadata": {
        "timer_format_version": "0.1.0",
        "start_time_seconds": "1773550081",
        "python_version": "3.10.12 | packaged by Anaconda, Inc. | (main, Jul  5 2023, 19:01:18) [MSC v.1916 64 bit (AMD64)]",
        "command_line_arguments": "C:\\Users\\james\\miniconda3\\envs\\mlagents\\Scripts\\mlagents-learn config/ppo/rollerball_config.yaml --run-id=RollerBall_UpdatedRewards2 --initialize-from=RollerBall_UpdatedRewards",
        "mlagents_version": "1.1.0",
        "mlagents_envs_version": "1.1.0",
        "communication_protocol_version": "1.5.0",
        "pytorch_version": "2.2.2+cu121",
        "numpy_version": "1.23.5",
        "end_time_seconds": "1773550449"
    },
    "total": 367.7868391997181,
    "count": 1,
    "self": 0.007947799749672413,
    "children": {
        "run_training.setup": {
            "total": 0.09041169984266162,
            "count": 1,
            "self": 0.09041169984266162
        },
        "TrainerController.start_learning": {
            "total": 367.68847970012575,
            "count": 1,
            "self": 0.536041515879333,
            "children": {
                "TrainerController._reset_env": {
                    "total": 10.874458000063896,
                    "count": 1,
                    "self": 10.874458000063896
                },
                "TrainerController.advance": {
                    "total": 356.20864518452436,
                    "count": 27507,
                    "self": 0.5245594582520425,
                    "children": {
                        "env_step": {
                            "total": 253.04136871173978,
                            "count": 27507,
                            "self": 204.8383100433275,
                            "children": {
                                "SubprocessEnvManager._take_step": {
                                    "total": 47.875893488526344,
                                    "count": 27507,
                                    "self": 1.378767915070057,
                                    "children": {
                                        "TorchPolicy.evaluate": {
                                            "total": 46.49712557345629,
                                            "count": 20877,
                                            "self": 46.49712557345629
                                        }
                                    }
                                },
                                "workers": {
                                    "total": 0.32716517988592386,
                                    "count": 27507,
                                    "self": 0.0,
                                    "children": {
                                        "worker_root": {
                                            "total": 357.1022509871982,
                                            "count": 27507,
                                            "is_parallel": true,
                                            "self": 186.485649199225,
                                            "children": {
                                                "steps_from_proto": {
                                                    "total": 0.00032300036400556564,
                                                    "count": 1,