{
    "name": "root",
    "gauges": {
        "Tracker.Policy.Entropy.mean": {
            "value": 1.3995591402053833,
            "min": 1.3995591402053833,
            "max": 1.4245173931121826,
            "count": 50
        },
        "Tracker.Policy.Entropy.sum": {
            "value": 13435.767578125,
            "min": 13435.767578125,
            "max": 18233.822265625,
            "count": 50
        },
        "Tracker.Step.mean": {
            "value": 499976.0,
            "min": 9984.0,
            "max": 499976.0,
            "count": 50
        },
        "Tracker.Step.sum": {
            "value": 499976.0,
            "min": 9984.0,
            "max": 499976.0,
            "count": 50
        },
        "Tracker.Policy.ExtrinsicValueEstimate.mean": {
            "value": 0.25773516297340393,
            "min": -0.14563429355621338,
            "max": 0.25773516297340393,
            "count": 50
        },
        "Tracker.Policy.ExtrinsicValueEstimate.sum": {
            "value": 20.618812561035156,
            "min": -11.359475135803223,
            "max": 20.618812561035156,
            "count": 50
        },
        "Tracker.IsTraining.mean": {
            "value": 1.0,
            "min": 1.0,
            "max": 1.0,
            "count": 50
        },
        "Tracker.IsTraining.sum": {
            "value": 1.0,
            "min": 1.0,
            "max": 1.0,
            "count": 50
        },
        "Tracker.Losses.PolicyLoss.mean": {
            "value": 0.03459046587272726,
            "min": 0.0345126915940394,
            "max": 0.03758758102364913,
            "count": 9
        },
        "Tracker.Losses.PolicyLoss.sum": {
            "value": 0.03459046587272726,
            "min": 0.0345126915940394,
            "max": 0.03758758102364913,
            "count": 9
        },
        "Tracker.Losses.ValueLoss.mean": {
            "value": 0.015550430304361413,
            "min": 0.0004816389393333035,
            "max": 0.022145212593798837,
            "count": 9
        },
        "Tracker.Losses.ValueLoss.sum": {
            "value": 0.015550430304361413,
            "min": 0.0004816389393333035,
            "max": 0.022145212593798837,
            "count": 9
        },
        "Tracker.Policy.LearningRate.mean": {
            "value": 2.3604692131800017e-05,
            "min": 2.3604692131800017e-05,
            "max": 0.00026928001024,
            "count": 9
        },
        "Tracker.Policy.LearningRate.sum": {
            "value": 2.3604692131800017e-05,
            "min": 2.3604692131800017e-05,
            "max": 0.00026928001024,
            "count": 9
        },
        "Tracker.Policy.Epsilon.mean": {
            "value": 0.10786819999999998,
            "min": 0.10786819999999998,
            "max": 0.18975999999999998,
            "count": 9
        },
        "Tracker.Policy.Epsilon.sum": {
            "value": 0.10786819999999998,
            "min": 0.10786819999999998,
            "max": 0.18975999999999998,
            "count": 9
        },
        "Tracker.Policy.Beta.mean": {
            "value": 0.0005000000000000001,
            "min": 0.0005000000000000001,
            "max": 0.0005000000000000001,
            "count": 9
        },
        "Tracker.Policy.Beta.sum": {
            "value": 0.0005000000000000001,
            "min": 0.0005000000000000001,
            "max": 0.0005000000000000001,
            "count": 9
        },
        "Tracker.Environment.EpisodeLength.mean": {
            "value": 19167.0,
            "min": 2132.0,
            "max": 19167.0,
            "count": 5
        },
        "Tracker.Environment.EpisodeLength.sum": {
            "value": 38334.0,
            "min": 2132.0,
            "max": 38334.0,
            "count": 5
        },
        "Tracker.Environment.CumulativeReward.mean": {
            "value": 20.699064516110866,
            "min": 5.848232088144869,
            "max": 20.699064516110866,
            "count": 5
        },
        "Tracker.Environment.CumulativeReward.sum": {
            "value": 41.39812903222173,
            "min": 5.848232088144869,
            "max": 41.39812903222173,
            "count": 5
        },
        "Tracker.Policy.ExtrinsicReward.mean": {
            "value": 20.699064516110866,
            "min": 5.848232088144869,
            "max": 20.699064516110866,
            "count": 5
        },
        "Tracker.Policy.ExtrinsicReward.sum": {
            "value": 41.39812903222173,
            "min": 5.848232088144869,
            "max": 41.39812903222173,
            "count": 5
        }
    },
    "metadata": {
        "timer_format_version": "0.1.0",
        "start_time_seconds": "1774176017",
        "python_version": "3.10.12 | packaged by Anaconda, Inc. | (main, Jul  5 2023, 19:01:18) [MSC v.1916 64 bit (AMD64)]",
        "command_line_arguments": "C:\\Users\\james\\miniconda3\\envs\\mlagents\\Scripts\\mlagents-learn config/ppo/detector_config.yaml --run-id=detector_nearestV1.04 --initialize-from=detector_nearestV1.03",
        "mlagents_version": "1.1.0",
        "mlagents_envs_version": "1.1.0",
        "communication_protocol_version": "1.5.0",
        "pytorch_version": "2.2.2+cu121",
        "numpy_version": "1.23.5",
        "end_time_seconds": "1774176485"
    },
    "total": 468.4000792000443,
    "count": 1,
    "self": 0.007034000009298325,
    "children": {
        "run_training.setup": {
            "total": 0.09053410030901432,
            "count": 1,
            "self": 0.09053410030901432
        },
        "TrainerController.start_learning": {
            "total": 468.30251109972596,
            "count": 1,
            "self": 0.3305355589836836,
            "children": {
                "TrainerController._reset_env": {
                    "total": 9.177759999409318,
                    "count": 1,
                    "self": 9.177759999409318
                },
                "TrainerController.advance": {
                    "total": 458.583668041043,
                    "count": 20152,
                    "self": 0.33967383671551943,
                    "children": {
                        "env_step": {
                            "total": 300.7150647258386,
                            "count": 20152,
                            "self": 212.38057436421514,
                            "children": {
                                "SubprocessEnvManager._take_step": {
                                    "total": 88.1187487244606,
                                    "count": 20153,
                                    "self": 1.152304989285767,
                                    "children": {
                                        "TorchPolicy.evaluate": {
                                            "total": 86.96644373517483,
                                            "count": 20148,
                                            "self": 86.96644373517483
                                        }
                                    }
                                },
                                "workers": {
                                    "total": 0.2157416371628642,
                                    "count": 20152,
                                    "self": 0.0,
                                    "children": {
                                        "worker_root": {
                                            "total": 404.1117331981659,
                                            "count": 20152,
                                            "is_parallel": true,
                                            "self": 274.54239916987717,
                                            "children": {
                                                "steps_from_proto": {
                                                    "total": 0.0014636004343628883,
                                                    "count": 2,
                                                    "is_parallel": true,