{
    "name": "root",
    "gauges": {
        "RollerBall.Policy.Entropy.mean": {
            "value": 1.2651679515838623,
            "min": 1.2651679515838623,
            "max": 1.2780592441558838,
            "count": 50
        },
        "RollerBall.Policy.Entropy.sum": {
            "value": 12525.1630859375,
            "min": 12333.271484375,
            "max": 13579.3798828125,
            "count": 50
        },
        "RollerBall.Environment.EpisodeLength.mean": {
            "value": 43.404444444444444,
            "min": 40.69166666666667,
            "max": 48.975,
            "count": 50
        },
        "RollerBall.Environment.EpisodeLength.sum": {
            "value": 9766.0,
            "min": 9690.0,
            "max": 9849.0,
            "count": 50
        },
        "RollerBall.Step.mean": {
            "value": 499995.0,
            "min": 9987.0,
            "max": 499995.0,
            "count": 50
        },
        "RollerBall.Step.sum": {
            "value": 499995.0,
            "min": 9987.0,
            "max": 499995.0,
            "count": 50
        },
        "RollerBall.Policy.ExtrinsicValueEstimate.mean": {
            "value": 0.8902461528778076,
            "min": 0.8787263035774231,
            "max": 0.9083805680274963,
            "count": 50
        },
        "RollerBall.Policy.ExtrinsicValueEstimate.sum": {
            "value": 200.30538940429688,
            "min": 176.47903442382812,
            "max": 215.4816436767578,
            "count": 50
        },
        "RollerBall.Environment.CumulativeReward.mean": {
            "value": 1.1691466675864326,
            "min": 1.1243599131703377,
            "max": 1.2024653462490233,
            "count": 50
        },
        "RollerBall.Environment.CumulativeReward.sum": {
            "value": 263.0580002069473,
            "min": 235.13549971580505,
            "max": 277.22250175476074,
            "count": 50
        },
        "RollerBall.Policy.ExtrinsicReward.mean": {
            "value": 1.1691466675864326,
            "min": 1.1243599131703377,
            "max": 1.2024653462490233,
            "count": 50
        },
        "RollerBall.Policy.ExtrinsicReward.sum": {
            "value": 263.0580002069473,
            "min": 235.13549971580505,
            "max": 277.22250175476074,
            "count": 50
        },
        "RollerBall.IsTraining.mean": {
            "value": 1.0,
            "min": 1.0,
            "max": 1.0,
            "count": 50
        },
        "RollerBall.IsTraining.sum": {
            "value": 1.0,
            "min": 1.0,
            "max": 1.0,
            "count": 50
        },
        "RollerBall.Losses.PolicyLoss.mean": {
            "value": 0.026226498816271163,
            "min": 0.02438125383713734,
            "max": 0.026226498816271163,
            "count": 4
        },
        "RollerBall.Losses.PolicyLoss.sum": {
            "value": 0.026226498816271163,
            "min": 0.02438125383713734,
            "max": 0.026226498816271163,
            "count": 4
        },
        "RollerBall.Losses.ValueLoss.mean": {
            "value": 0.005300853371818604,
            "min": 0.005300853371818604,
            "max": 0.009963015093599347,
            "count": 4
        },
        "RollerBall.Losses.ValueLoss.sum": {
            "value": 0.005300853371818604,
            "min": 0.005300853371818604,
            "max": 0.009963015093599347,
            "count": 4
        },
        "RollerBall.Policy.LearningRate.mean": {
            "value": 5.983868005380001e-05,
            "min": 5.983868005380001e-05,
            "max": 0.00023999642000119997,
            "count": 4
        },
        "RollerBall.Policy.LearningRate.sum": {
            "value": 5.983868005380001e-05,
            "min": 5.983868005380001e-05,
            "max": 0.00023999642000119997,
            "count": 4
        },
        "RollerBall.Policy.Epsilon.mean": {
            "value": 0.11994619999999999,
            "min": 0.11994619999999999,
            "max": 0.17999880000000001,
            "count": 4
        },
        "RollerBall.Policy.Epsilon.sum": {
            "value": 0.11994619999999999,
            "min": 0.11994619999999999,
            "max": 0.17999880000000001,
            "count": 4
        },
        "RollerBall.Policy.Beta.mean": {
            "value": 0.0005,
            "min": 0.0005,
            "max": 0.0005,
            "count": 4
        },
        "RollerBall.Policy.Beta.sum": {
            "value": 0.0005,
            "min": 0.0005,
            "max": 0.0005,
            "count": 4
        }
    },
    "metadata": {
        "timer_format_version": "0.1.0",
        "start_time_seconds": "1773555574",
        "python_version": "3.10.12 | packaged by Anaconda, Inc. | (main, Jul  5 2023, 19:01:18) [MSC v.1916 64 bit (AMD64)]",
        "command_line_arguments": "C:\\Users\\james\\miniconda3\\envs\\mlagents\\Scripts\\mlagents-learn config/ppo/rollerball_config.yaml --run-id=RollerBall_UpdatedRewardsV2.3 --initialize-from=RollerBall_UpdatedRewardsV2.2 --force",
        "mlagents_version": "1.1.0",
        "mlagents_envs_version": "1.1.0",
        "communication_protocol_version": "1.5.0",
        "pytorch_version": "2.2.2+cu121",
        "numpy_version": "1.23.5",
        "end_time_seconds": "1773555949"
    },
    "total": 374.91398679977283,
    "count": 1,
    "self": 0.006824199575930834,
    "children": {
        "run_training.setup": {
            "total": 0.08865500008687377,
            "count": 1,
            "self": 0.08865500008687377
        },
        "TrainerController.start_learning": {
            "total": 374.81850760011,
            "count": 1,
            "self": 0.5139048863202333,
            "children": {
                "TrainerController._reset_env": {
                    "total": 12.281887100078166,
                    "count": 1,
                    "self": 12.281887100078166
                },
                "TrainerController.advance": {
                    "total": 361.95951681397855,
                    "count": 29712,
                    "self": 0.462778830435127,
                    "children": {
                        "env_step": {
                            "total": 261.36733239050955,
                            "count": 29712,
                            "self": 216.46980469720438,
                            "children": {
                                "SubprocessEnvManager._take_step": {
                                    "total": 44.588258979376405,
                                    "count": 29712,
                                    "self": 1.1394049362279475,
                                    "children": {
                                        "TorchPolicy.evaluate": {
                                            "total": 43.44885404314846,
                                            "count": 20024,
                                            "self": 43.44885404314846
                                        }
                                    }
                                },
                                "workers": {
                                    "total": 0.3092687139287591,
                                    "count": 29712,
                                    "self": 0.0,
                                    "children": {
                                        "worker_root": {
                                            "total": 362.97201194567606,
                                            "count": 29712,
                                            "is_parallel": true,
                                            "self": 178.54343285923824,
                                            "children": {
                                                "steps_from_proto": {
                                                    "total": 0.0003603999502956867,
                                                    "count": 1,