{
    "name": "root",
    "gauges": {
        "RollerBall.Policy.Entropy.mean": {
            "value": 1.2273633480072021,
            "min": 1.2273632287979126,
            "max": 1.2378690242767334,
            "count": 50
        },
        "RollerBall.Policy.Entropy.sum": {
            "value": 12058.8447265625,
            "min": 11613.2568359375,
            "max": 13740.345703125,
            "count": 50
        },
        "RollerBall.Environment.EpisodeLength.mean": {
            "value": 27.47222222222222,
            "min": 21.42663043478261,
            "max": 35.906716417910445,
            "count": 50
        },
        "RollerBall.Environment.EpisodeLength.sum": {
            "value": 7912.0,
            "min": 7885.0,
            "max": 11391.0,
            "count": 50
        },
        "RollerBall.Step.mean": {
            "value": 499989.0,
            "min": 9917.0,
            "max": 499989.0,
            "count": 50
        },
        "RollerBall.Step.sum": {
            "value": 499989.0,
            "min": 9917.0,
            "max": 499989.0,
            "count": 50
        },
        "RollerBall.Policy.ExtrinsicValueEstimate.mean": {
            "value": -0.013421306386590004,
            "min": -0.08518171310424805,
            "max": 0.012251116335391998,
            "count": 50
        },
        "RollerBall.Policy.ExtrinsicValueEstimate.sum": {
            "value": -4.241132736206055,
            "min": -30.756183624267578,
            "max": 4.4932146072387695,
            "count": 50
        },
        "RollerBall.Environment.CumulativeReward.mean": {
            "value": 0.059869795416792236,
            "min": -0.1373698231736584,
            "max": 0.11190099222431875,
            "count": 50
        },
        "RollerBall.Environment.CumulativeReward.sum": {
            "value": 17.242501080036163,
            "min": -46.43100023269653,
            "max": 33.90600064396858,
            "count": 50
        },
        "RollerBall.Policy.ExtrinsicReward.mean": {
            "value": 0.059869795416792236,
            "min": -0.1373698231736584,
            "max": 0.11190099222431875,
            "count": 50
        },
        "RollerBall.Policy.ExtrinsicReward.sum": {
            "value": 17.242501080036163,
            "min": -46.43100023269653,
            "max": 33.90600064396858,
            "count": 50
        },
        "RollerBall.IsTraining.mean": {
            "value": 1.0,
            "min": 1.0,
            "max": 1.0,
            "count": 50
        },
        "RollerBall.IsTraining.sum": {
            "value": 1.0,
            "min": 1.0,
            "max": 1.0,
            "count": 50
        },
        "RollerBall.Losses.PolicyLoss.mean": {
            "value": 0.02551022657638102,
            "min": 0.022836474573745352,
            "max": 0.02607826251917458,
            "count": 4
        },
        "RollerBall.Losses.PolicyLoss.sum": {
            "value": 0.02551022657638102,
            "min": 0.022836474573745352,
            "max": 0.02607826251917458,
            "count": 4
        },
        "RollerBall.Losses.ValueLoss.mean": {
            "value": 0.2169865696495751,
            "min": 0.2072745765914622,
            "max": 0.22357280757214196,
            "count": 4
        },
        "RollerBall.Losses.ValueLoss.sum": {
            "value": 0.2169865696495751,
            "min": 0.2072745765914622,
            "max": 0.22357280757214196,
            "count": 4
        },
        "RollerBall.Policy.LearningRate.mean": {
            "value": 5.99496800168e-05,
            "min": 5.99496800168e-05,
            "max": 0.00023996042001319997,
            "count": 4
        },
        "RollerBall.Policy.LearningRate.sum": {
            "value": 5.99496800168e-05,
            "min": 5.99496800168e-05,
            "max": 0.00023996042001319997,
            "count": 4
        },
        "RollerBall.Policy.Epsilon.mean": {
            "value": 0.11998320000000004,
            "min": 0.11998320000000004,
            "max": 0.1799868,
            "count": 4
        },
        "RollerBall.Policy.Epsilon.sum": {
            "value": 0.11998320000000004,
            "min": 0.11998320000000004,
            "max": 0.1799868,
            "count": 4
        },
        "RollerBall.Policy.Beta.mean": {
            "value": 0.0005,
            "min": 0.0005,
            "max": 0.0005,
            "count": 4
        },
        "RollerBall.Policy.Beta.sum": {
            "value": 0.0005,
            "min": 0.0005,
            "max": 0.0005,
            "count": 4
        }
    },
    "metadata": {
        "timer_format_version": "0.1.0",
        "start_time_seconds": "1773558425",
        "python_version": "3.10.12 | packaged by Anaconda, Inc. | (main, Jul  5 2023, 19:01:18) [MSC v.1916 64 bit (AMD64)]",
        "command_line_arguments": "C:\\Users\\james\\miniconda3\\envs\\mlagents\\Scripts\\mlagents-learn config/ppo/rollerball_config.yaml --run-id=RollerBall_RandomForceAppliedV3 --initialize-from=RollerBall_RandomForceAppliedV2",
        "mlagents_version": "1.1.0",
        "mlagents_envs_version": "1.1.0",
        "communication_protocol_version": "1.5.0",
        "pytorch_version": "2.2.2+cu121",
        "numpy_version": "1.23.5",
        "end_time_seconds": "1773558792"
    },
    "total": 367.54306739987805,
    "count": 1,
    "self": 0.007120899856090546,
    "children": {
        "run_training.setup": {
            "total": 0.08880019979551435,
            "count": 1,
            "self": 0.08880019979551435
        },
        "TrainerController.start_learning": {
            "total": 367.44714630022645,
            "count": 1,
            "self": 0.5812624134123325,
            "children": {
                "TrainerController._reset_env": {
                    "total": 19.38267789967358,
                    "count": 1,
                    "self": 19.38267789967358
                },
                "TrainerController.advance": {
                    "total": 347.42111658724025,
                    "count": 34554,
                    "self": 0.5157652874477208,
                    "children": {
                        "env_step": {
                            "total": 226.0173502508551,
                            "count": 34554,
                            "self": 180.43178385822102,
                            "children": {
                                "SubprocessEnvManager._take_step": {
                                    "total": 45.24500289699063,
                                    "count": 34554,
                                    "self": 1.1388314962387085,
                                    "children": {
                                        "TorchPolicy.evaluate": {
                                            "total": 44.10617140075192,
                                            "count": 20030,
                                            "self": 44.10617140075192
                                        }
                                    }
                                },
                                "workers": {
                                    "total": 0.3405634956434369,
                                    "count": 34554,
                                    "self": 0.0,
                                    "children": {
                                        "worker_root": {
                                            "total": 348.40945682814345,
                                            "count": 34554,
                                            "is_parallel": true,
                                            "self": 201.50664034020156,
                                            "children": {
                                                "steps_from_proto": {
                                                    "total": 0.00037900032475590706,
                                                    "count": 1,