{
    "name": "root",
    "gauges": {
        "RollerBall.Policy.Entropy.mean": {
            "value": 1.2426756620407104,
            "min": 1.242340326309204,
            "max": 1.2637803554534912,
            "count": 50
        },
        "RollerBall.Policy.Entropy.sum": {
            "value": 12395.689453125,
            "min": 11929.6865234375,
            "max": 13617.232421875,
            "count": 50
        },
        "RollerBall.Environment.EpisodeLength.mean": {
            "value": 30.504322766570606,
            "min": 23.384615384615383,
            "max": 38.01628664495114,
            "count": 50
        },
        "RollerBall.Environment.EpisodeLength.sum": {
            "value": 10585.0,
            "min": 7876.0,
            "max": 11671.0,
            "count": 50
        },
        "RollerBall.Step.mean": {
            "value": 499991.0,
            "min": 9913.0,
            "max": 499991.0,
            "count": 50
        },
        "RollerBall.Step.sum": {
            "value": 499991.0,
            "min": 9913.0,
            "max": 499991.0,
            "count": 50
        },
        "RollerBall.Policy.ExtrinsicValueEstimate.mean": {
            "value": -0.10783516615629196,
            "min": -4.018197059631348,
            "max": -0.05908823385834694,
            "count": 50
        },
        "RollerBall.Policy.ExtrinsicValueEstimate.sum": {
            "value": -39.03633117675781,
            "min": -1564.572265625,
            "max": -23.221675872802734,
            "count": 50
        },
        "RollerBall.Environment.CumulativeReward.mean": {
            "value": -0.139589850064637,
            "min": -0.21137125283747377,
            "max": 0.02629527680360739,
            "count": 50
        },
        "RollerBall.Environment.CumulativeReward.sum": {
            "value": -48.15849827229977,
            "min": -70.59799844771624,
            "max": 10.018500462174416,
            "count": 50
        },
        "RollerBall.Policy.ExtrinsicReward.mean": {
            "value": -0.139589850064637,
            "min": -0.21137125283747377,
            "max": 0.02629527680360739,
            "count": 50
        },
        "RollerBall.Policy.ExtrinsicReward.sum": {
            "value": -48.15849827229977,
            "min": -70.59799844771624,
            "max": 10.018500462174416,
            "count": 50
        },
        "RollerBall.IsTraining.mean": {
            "value": 1.0,
            "min": 1.0,
            "max": 1.0,
            "count": 50
        },
        "RollerBall.IsTraining.sum": {
            "value": 1.0,
            "min": 1.0,
            "max": 1.0,
            "count": 50
        },
        "RollerBall.Losses.PolicyLoss.mean": {
            "value": 0.024401446063506745,
            "min": 0.024401446063506745,
            "max": 0.026300778100427073,
            "count": 4
        },
        "RollerBall.Losses.PolicyLoss.sum": {
            "value": 0.024401446063506745,
            "min": 0.024401446063506745,
            "max": 0.026300778100427073,
            "count": 4
        },
        "RollerBall.Losses.ValueLoss.mean": {
            "value": 0.24372470010187208,
            "min": 0.24372470010187208,
            "max": 1.1438165778146987,
            "count": 4
        },
        "RollerBall.Losses.ValueLoss.sum": {
            "value": 0.24372470010187208,
            "min": 0.24372470010187208,
            "max": 1.1438165778146987,
            "count": 4
        },
        "RollerBall.Policy.LearningRate.mean": {
            "value": 5.9928680023800006e-05,
            "min": 5.9928680023800006e-05,
            "max": 0.0002399478200174,
            "count": 4
        },
        "RollerBall.Policy.LearningRate.sum": {
            "value": 5.9928680023800006e-05,
            "min": 5.9928680023800006e-05,
            "max": 0.0002399478200174,
            "count": 4
        },
        "RollerBall.Policy.Epsilon.mean": {
            "value": 0.11997619999999999,
            "min": 0.11997619999999999,
            "max": 0.17998260000000002,
            "count": 4
        },
        "RollerBall.Policy.Epsilon.sum": {
            "value": 0.11997619999999999,
            "min": 0.11997619999999999,
            "max": 0.17998260000000002,
            "count": 4
        },
        "RollerBall.Policy.Beta.mean": {
            "value": 0.0005,
            "min": 0.0005,
            "max": 0.0005,
            "count": 4
        },
        "RollerBall.Policy.Beta.sum": {
            "value": 0.0005,
            "min": 0.0005,
            "max": 0.0005,
            "count": 4
        }
    },
    "metadata": {
        "timer_format_version": "0.1.0",
        "start_time_seconds": "1773557538",
        "python_version": "3.10.12 | packaged by Anaconda, Inc. | (main, Jul  5 2023, 19:01:18) [MSC v.1916 64 bit (AMD64)]",
        "command_line_arguments": "C:\\Users\\james\\miniconda3\\envs\\mlagents\\Scripts\\mlagents-learn config/ppo/rollerball_config.yaml --run-id=RollerBall_RandomForceAppliedV3 --initialize-from=RollerBall_UpdatedRewardsV2.4 --force",
        "mlagents_version": "1.1.0",
        "mlagents_envs_version": "1.1.0",
        "communication_protocol_version": "1.5.0",
        "pytorch_version": "2.2.2+cu121",
        "numpy_version": "1.23.5",
        "end_time_seconds": "1773557936"
    },
    "total": 398.39698620000854,
    "count": 1,
    "self": 0.007031199987977743,
    "children": {
        "run_training.setup": {
            "total": 0.08935770019888878,
            "count": 1,
            "self": 0.08935770019888878
        },
        "TrainerController.start_learning": {
            "total": 398.3005972998217,
            "count": 1,
            "self": 0.6085595157928765,
            "children": {
                "TrainerController._reset_env": {
                    "total": 13.397931400220841,
                    "count": 1,
                    "self": 13.397931400220841
                },
                "TrainerController.advance": {
                    "total": 384.23248508386314,
                    "count": 34865,
                    "self": 0.5322438408620656,
                    "children": {
                        "env_step": {
                            "total": 263.25763579458,
                            "count": 34865,
                            "self": 216.60164317907766,
                            "children": {
                                "SubprocessEnvManager._take_step": {
                                    "total": 46.3010050249286,
                                    "count": 34865,
                                    "self": 1.1550949197262526,
                                    "children": {
                                        "TorchPolicy.evaluate": {
                                            "total": 45.14591010520235,
                                            "count": 20025,
                                            "self": 45.14591010520235
                                        }
                                    }
                                },
                                "workers": {
                                    "total": 0.3549875905737281,
                                    "count": 34865,
                                    "self": 0.0,
                                    "children": {
                                        "worker_root": {
                                            "total": 385.1971679823473,
                                            "count": 34865,
                                            "is_parallel": true,
                                            "self": 203.80732630565763,
                                            "children": {
                                                "steps_from_proto": {
                                                    "total": 0.0003665001131594181,
                                                    "count": 1,